1114125 	 Reinforcement_Learning 
169279 	 Neural_Networks 
14529 	 Neural_Networks 
1129369 	 Genetic_Algorithms 
6311 	 Theory 
1110768 	 Neural_Networks 
27895 	 Case_Based 
20601 	 Theory 
1132857 	 Probabilistic_Methods 
245288 	 Genetic_Algorithms 
1153056 	 Probabilistic_Methods 
1118388 	 Case_Based 
75318 	 Neural_Networks 
37998 	 Rule_Learning 
116512 	 Neural_Networks 
636511 	 Neural_Networks 
96851 	 Genetic_Algorithms 
1111788 	 Neural_Networks 
1153703 	 Case_Based 
1136422 	 Neural_Networks 
1114864 	 Neural_Networks 
69397 	 Theory 
1133428 	 Probabilistic_Methods 
97892 	 Rule_Learning 
16485 	 Neural_Networks 
1102364 	 Probabilistic_Methods 
188471 	 Reinforcement_Learning 
236759 	 Neural_Networks 
644494 	 Probabilistic_Methods 
12558 	 Neural_Networks 
379288 	 Case_Based 
23738 	 Theory 
154134 	 Rule_Learning 
1120084 	 Neural_Networks 
1106630 	 Neural_Networks 
85449 	 Neural_Networks 
1105718 	 Neural_Networks 
294145 	 Rule_Learning 
561611 	 Probabilistic_Methods 
1107861 	 Theory 
6125 	 Theory 
1120431 	 Neural_Networks 
575795 	 Neural_Networks 
160705 	 Neural_Networks 
1152307 	 Case_Based 
606647 	 Genetic_Algorithms 
1107067 	 Theory 
1132864 	 Probabilistic_Methods 
38537 	 Probabilistic_Methods 
1117653 	 Neural_Networks 
57922 	 Theory 
41714 	 Genetic_Algorithms 
334153 	 Theory 
18834 	 Reinforcement_Learning 
687401 	 Neural_Networks 
1817 	 Genetic_Algorithms 
1122704 	 Neural_Networks 
1128256 	 Theory 
566488 	 Case_Based 
1108656 	 Case_Based 
636098 	 Theory 
66556 	 Case_Based 
39165 	 Probabilistic_Methods 
1107325 	 Case_Based 
648112 	 Neural_Networks 
1153003 	 Theory 
44368 	 Genetic_Algorithms 
321861 	 Reinforcement_Learning 
25772 	 Theory 
458439 	 Theory 
601561 	 Case_Based 
35905 	 Probabilistic_Methods 
3220 	 Case_Based 
3828 	 Theory 
1120786 	 Probabilistic_Methods 
7532 	 Neural_Networks 
411005 	 Neural_Networks 
9513 	 Theory 
596075 	 Case_Based 
6771 	 Theory 
7022 	 Neural_Networks 
1129027 	 Genetic_Algorithms 
200630 	 Neural_Networks 
389715 	 Theory 
851968 	 Neural_Networks 
1140040 	 Neural_Networks 
1105231 	 Genetic_Algorithms 
662572 	 Neural_Networks 
178718 	 Genetic_Algorithms 
350362 	 Theory 
739280 	 Neural_Networks 
686061 	 Neural_Networks 
255233 	 Case_Based 
4274 	 Probabilistic_Methods 
1131150 	 Neural_Networks 
1154230 	 Probabilistic_Methods 
1153945 	 Genetic_Algorithms 
1116922 	 Rule_Learning 
263279 	 Rule_Learning 
1132461 	 Neural_Networks 
714289 	 Probabilistic_Methods 
10981 	 Case_Based 
75691 	 Theory 
112813 	 Case_Based 
142268 	 Probabilistic_Methods 
568857 	 Genetic_Algorithms 
1108267 	 Case_Based 
576362 	 Genetic_Algorithms 
421481 	 Probabilistic_Methods 
1153264 	 Case_Based 
644361 	 Probabilistic_Methods 
61312 	 Genetic_Algorithms 
650814 	 Genetic_Algorithms 
287787 	 Genetic_Algorithms 
20584 	 Theory 
33325 	 Case_Based 
117328 	 Probabilistic_Methods 
193354 	 Rule_Learning 
1116181 	 Case_Based 
1106492 	 Rule_Learning 
1107319 	 Theory 
285687 	 Theory 
1113852 	 Theory 
237521 	 Neural_Networks 
15889 	 Case_Based 
626530 	 Probabilistic_Methods 
36802 	 Probabilistic_Methods 
15076 	 Theory 
1104449 	 Probabilistic_Methods 
463 	 Genetic_Algorithms 
1130243 	 Neural_Networks 
31336 	 Neural_Networks 
20526 	 Reinforcement_Learning 
133553 	 Neural_Networks 
545647 	 Theory 
248425 	 Genetic_Algorithms 
578646 	 Genetic_Algorithms 
1115677 	 Theory 
158172 	 Probabilistic_Methods 
46470 	 Theory 
59244 	 Case_Based 
18251 	 Case_Based 
75695 	 Neural_Networks 
12198 	 Theory 
385067 	 Case_Based 
134128 	 Reinforcement_Learning 
1104261 	 Theory 
126912 	 Neural_Networks 
617378 	 Neural_Networks 
1131728 	 Theory 
642847 	 Probabilistic_Methods 
746058 	 Neural_Networks 
582349 	 Neural_Networks 
574462 	 Genetic_Algorithms 
30934 	 Theory 
1129021 	 Genetic_Algorithms 
230884 	 Probabilistic_Methods 
289088 	 Neural_Networks 
1124844 	 Neural_Networks 
157761 	 Case_Based 
1152663 	 Reinforcement_Learning 
8865 	 Genetic_Algorithms 
1110579 	 Case_Based 
1103960 	 Neural_Networks 
643239 	 Probabilistic_Methods 
1153933 	 Neural_Networks 
31083 	 Theory 
54132 	 Case_Based 
273152 	 Genetic_Algorithms 
976284 	 Theory 
467383 	 Genetic_Algorithms 
166825 	 Case_Based 
399370 	 Neural_Networks 
1119987 	 Case_Based 
101263 	 Theory 
103543 	 Probabilistic_Methods 
630817 	 Neural_Networks 
100197 	 Neural_Networks 
643069 	 Probabilistic_Methods 
1114184 	 Neural_Networks 
643734 	 Theory 
13193 	 Reinforcement_Learning 
56112 	 Reinforcement_Learning 
1120170 	 Case_Based 
1114398 	 Neural_Networks 
335733 	 Genetic_Algorithms 
25413 	 Neural_Networks 
7419 	 Genetic_Algorithms 
45052 	 Probabilistic_Methods 
145134 	 Neural_Networks 
38000 	 Rule_Learning 
654326 	 Genetic_Algorithms 
1031453 	 Neural_Networks 
617575 	 Neural_Networks 
1134348 	 Probabilistic_Methods 
8581 	 Neural_Networks 
35852 	 Neural_Networks 
1132815 	 Neural_Networks 
119956 	 Neural_Networks 
644363 	 Probabilistic_Methods 
1109581 	 Probabilistic_Methods 
51909 	 Rule_Learning 
853118 	 Neural_Networks 
1102407 	 Neural_Networks 
31349 	 Neural_Networks 
10435 	 Case_Based 
594900 	 Genetic_Algorithms 
7867 	 Genetic_Algorithms 
273949 	 Neural_Networks 
1152958 	 Neural_Networks 
20179 	 Case_Based 
128 	 Reinforcement_Learning 
193352 	 Rule_Learning 
170338 	 Reinforcement_Learning 
1153877 	 Case_Based 
3187 	 Probabilistic_Methods 
111770 	 Probabilistic_Methods 
954315 	 Rule_Learning 
1951 	 Case_Based 
1107418 	 Genetic_Algorithms 
94639 	 Genetic_Algorithms 
7297 	 Neural_Networks 
251756 	 Neural_Networks 
95188 	 Case_Based 
218682 	 Case_Based 
116553 	 Genetic_Algorithms 
28287 	 Reinforcement_Learning 
353541 	 Case_Based 
3217 	 Theory 
523394 	 Neural_Networks 
1130634 	 Neural_Networks 
1129015 	 Theory 
632796 	 Probabilistic_Methods 
644448 	 Probabilistic_Methods 
1112665 	 Neural_Networks 
124734 	 Theory 
248823 	 Reinforcement_Learning 
671293 	 Neural_Networks 
1126050 	 Neural_Networks 
13686 	 Neural_Networks 
69198 	 Neural_Networks 
1122460 	 Genetic_Algorithms 
1103162 	 Reinforcement_Learning 
84021 	 Genetic_Algorithms 
1153866 	 Rule_Learning 
628667 	 Neural_Networks 
18785 	 Probabilistic_Methods 
27543 	 Neural_Networks 
210872 	 Neural_Networks 
1105116 	 Probabilistic_Methods 
10169 	 Theory 
238099 	 Neural_Networks 
626574 	 Probabilistic_Methods 
134307 	 Probabilistic_Methods 
396412 	 Probabilistic_Methods 
1127812 	 Neural_Networks 
1110515 	 Genetic_Algorithms 
28389 	 Reinforcement_Learning 
15987 	 Probabilistic_Methods 
436796 	 Neural_Networks 
8875 	 Genetic_Algorithms 
31932 	 Neural_Networks 
633585 	 Probabilistic_Methods 
1118017 	 Neural_Networks 
643695 	 Probabilistic_Methods 
1153101 	 Rule_Learning 
161221 	 Neural_Networks 
593155 	 Genetic_Algorithms 
17363 	 Neural_Networks 
1033 	 Genetic_Algorithms 
214472 	 Theory 
42209 	 Theory 
13024 	 Neural_Networks 
1237 	 Case_Based 
31483 	 Theory 
162080 	 Neural_Networks 
94713 	 Probabilistic_Methods 
132806 	 Genetic_Algorithms 
594025 	 Genetic_Algorithms 
259701 	 Genetic_Algorithms 
74821 	 Neural_Networks 
65212 	 Probabilistic_Methods 
9716 	 Theory 
1115375 	 Probabilistic_Methods 
28957 	 Probabilistic_Methods 
95718 	 Neural_Networks 
608292 	 Genetic_Algorithms 
1133028 	 Theory 
28278 	 Reinforcement_Learning 
7430 	 Reinforcement_Learning 
48066 	 Theory 
6818 	 Probabilistic_Methods 
1132731 	 Genetic_Algorithms 
1125492 	 Genetic_Algorithms 
1131634 	 Genetic_Algorithms 
1152436 	 Case_Based 
78552 	 Neural_Networks 
1113742 	 Genetic_Algorithms 
20942 	 Rule_Learning 
94416 	 Theory 
1152490 	 Neural_Networks 
714260 	 Probabilistic_Methods 
1105394 	 Reinforcement_Learning 
579108 	 Genetic_Algorithms 
39127 	 Rule_Learning 
191216 	 Neural_Networks 
653628 	 Neural_Networks 
632935 	 Probabilistic_Methods 
46500 	 Neural_Networks 
13208 	 Reinforcement_Learning 
1125944 	 Probabilistic_Methods 
359067 	 Case_Based 
662279 	 Neural_Networks 
801170 	 Genetic_Algorithms 
29738 	 Neural_Networks 
1153091 	 Rule_Learning 
1131274 	 Theory 
182093 	 Genetic_Algorithms 
756061 	 Neural_Networks 
49482 	 Neural_Networks 
7432 	 Reinforcement_Learning 
593105 	 Genetic_Algorithms 
87417 	 Case_Based 
1113934 	 Case_Based 
19231 	 Theory 
733167 	 Neural_Networks 
315266 	 Probabilistic_Methods 
1114118 	 Neural_Networks 
97377 	 Theory 
1128314 	 Genetic_Algorithms 
1059953 	 Theory 
27623 	 Reinforcement_Learning 
1152944 	 Neural_Networks 
531351 	 Probabilistic_Methods 
42847 	 Neural_Networks 
299195 	 Reinforcement_Learning 
61417 	 Rule_Learning 
1117833 	 Case_Based 
1112426 	 Neural_Networks 
33412 	 Neural_Networks 
1132418 	 Neural_Networks 
36167 	 Reinforcement_Learning 
1133846 	 Neural_Networks 
1997 	 Theory 
152483 	 Genetic_Algorithms 
13982 	 Theory 
989397 	 Theory 
662416 	 Neural_Networks 
202639 	 Neural_Networks 
1116594 	 Neural_Networks 
1107136 	 Genetic_Algorithms 
10186 	 Case_Based 
4330 	 Probabilistic_Methods 
1153879 	 Neural_Networks 
560936 	 Neural_Networks 
1117760 	 Reinforcement_Learning 
162075 	 Neural_Networks 
107252 	 Theory 
1128319 	 Reinforcement_Learning 
561581 	 Probabilistic_Methods 
95198 	 Case_Based 
4649 	 Rule_Learning 
28674 	 Case_Based 
1120138 	 Probabilistic_Methods 
567005 	 Neural_Networks 
1109830 	 Neural_Networks 
12195 	 Theory 
1129573 	 Genetic_Algorithms 
628668 	 Reinforcement_Learning 
1132434 	 Neural_Networks 
149139 	 Neural_Networks 
4335 	 Probabilistic_Methods 
1115790 	 Neural_Networks 
1154071 	 Probabilistic_Methods 
36145 	 Theory 
134314 	 Probabilistic_Methods 
675847 	 Neural_Networks 
593260 	 Genetic_Algorithms 
216877 	 Rule_Learning 
258259 	 Neural_Networks 
444240 	 Genetic_Algorithms 
8766 	 Rule_Learning 
131317 	 Neural_Networks 
208345 	 Case_Based 
1136393 	 Neural_Networks 
33013 	 Reinforcement_Learning 
70520 	 Reinforcement_Learning 
135765 	 Rule_Learning 
1114352 	 Neural_Networks 
166989 	 Theory 
308529 	 Reinforcement_Learning 
1114512 	 Rule_Learning 
13656 	 Neural_Networks 
328370 	 Neural_Networks 
1107674 	 Genetic_Algorithms 
193932 	 Neural_Networks 
3084 	 Case_Based 
1136447 	 Neural_Networks 
1104999 	 Genetic_Algorithms 
950305 	 Neural_Networks 
6217 	 Reinforcement_Learning 
1129494 	 Neural_Networks 
2440 	 Rule_Learning 
72056 	 Neural_Networks 
1128227 	 Neural_Networks 
293285 	 Reinforcement_Learning 
1130856 	 Genetic_Algorithms 
1112686 	 Probabilistic_Methods 
593068 	 Genetic_Algorithms 
1111186 	 Neural_Networks 
77438 	 Reinforcement_Learning 
1132083 	 Neural_Networks 
292277 	 Genetic_Algorithms 
310742 	 Probabilistic_Methods 
910 	 Neural_Networks 
1115670 	 Rule_Learning 
154982 	 Theory 
75969 	 Neural_Networks 
964248 	 Theory 
1129443 	 Case_Based 
16843 	 Probabilistic_Methods 
99023 	 Neural_Networks 
1112075 	 Neural_Networks 
1136442 	 Neural_Networks 
1152740 	 Neural_Networks 
4553 	 Rule_Learning 
1111899 	 Case_Based 
219446 	 Neural_Networks 
469504 	 Neural_Networks 
1110209 	 Probabilistic_Methods 
762980 	 Neural_Networks 
1953 	 Case_Based 
134060 	 Reinforcement_Learning 
1110628 	 Probabilistic_Methods 
1131163 	 Theory 
31353 	 Neural_Networks 
12946 	 Probabilistic_Methods 
1128946 	 Genetic_Algorithms 
342802 	 Neural_Networks 
708945 	 Neural_Networks 
107569 	 Neural_Networks 
47570 	 Case_Based 
49720 	 Neural_Networks 
22386 	 Case_Based 
129896 	 Probabilistic_Methods 
235776 	 Neural_Networks 
1135894 	 Probabilistic_Methods 
14431 	 Case_Based 
179702 	 Neural_Networks 
1127863 	 Neural_Networks 
1123553 	 Reinforcement_Learning 
1130600 	 Reinforcement_Learning 
1130356 	 Reinforcement_Learning 
24476 	 Case_Based 
1152244 	 Case_Based 
194609 	 Neural_Networks 
574009 	 Genetic_Algorithms 
6210 	 Reinforcement_Learning 
158614 	 Theory 
131042 	 Neural_Networks 
249421 	 Neural_Networks 
711994 	 Neural_Networks 
19621 	 Neural_Networks 
240791 	 Neural_Networks 
1138619 	 Genetic_Algorithms 
519318 	 Reinforcement_Learning 
175576 	 Theory 
854434 	 Neural_Networks 
82098 	 Genetic_Algorithms 
1385 	 Reinforcement_Learning 
519353 	 Case_Based 
57773 	 Rule_Learning 
561809 	 Probabilistic_Methods 
593329 	 Genetic_Algorithms 
28227 	 Reinforcement_Learning 
590022 	 Probabilistic_Methods 
93320 	 Reinforcement_Learning 
31769 	 Neural_Networks 
1129368 	 Genetic_Algorithms 
8213 	 Reinforcement_Learning 
1107385 	 Neural_Networks 
107251 	 Theory 
151430 	 Theory 
1152821 	 Neural_Networks 
1131752 	 Genetic_Algorithms 
102939 	 Neural_Networks 
49811 	 Theory 
35490 	 Case_Based 
3192 	 Probabilistic_Methods 
221302 	 Case_Based 
647408 	 Genetic_Algorithms 
671269 	 Probabilistic_Methods 
1786 	 Neural_Networks 
1131165 	 Probabilistic_Methods 
28456 	 Theory 
446610 	 Probabilistic_Methods 
1154103 	 Neural_Networks 
1135115 	 Neural_Networks 
409725 	 Rule_Learning 
646286 	 Probabilistic_Methods 
24966 	 Neural_Networks 
1121176 	 Case_Based 
141347 	 Genetic_Algorithms 
1137140 	 Neural_Networks 
61069 	 Genetic_Algorithms 
656231 	 Rule_Learning 
1152075 	 Theory 
74975 	 Case_Based 
175256 	 Genetic_Algorithms 
1129243 	 Reinforcement_Learning 
112787 	 Neural_Networks 
3101 	 Case_Based 
10798 	 Case_Based 
1119654 	 Reinforcement_Learning 
286513 	 Genetic_Algorithms 
782486 	 Reinforcement_Learning 
577331 	 Genetic_Algorithms 
189623 	 Probabilistic_Methods 
14531 	 Case_Based 
2702 	 Neural_Networks 
10531 	 Probabilistic_Methods 
38205 	 Genetic_Algorithms 
101261 	 Theory 
644577 	 Probabilistic_Methods 
128383 	 Case_Based 
85452 	 Theory 
1125467 	 Probabilistic_Methods 
54129 	 Genetic_Algorithms 
593210 	 Genetic_Algorithms 
217115 	 Theory 
1139928 	 Reinforcement_Learning 
162664 	 Neural_Networks 
18582 	 Genetic_Algorithms 
754594 	 Neural_Networks 
1134346 	 Probabilistic_Methods 
1104435 	 Neural_Networks 
169280 	 Neural_Networks 
682508 	 Probabilistic_Methods 
815073 	 Neural_Networks 
1104379 	 Genetic_Algorithms 
523010 	 Neural_Networks 
52835 	 Neural_Networks 
